{
    "fuses": {
        "preset_mode": "otp_fuses",
        "groups": [
            {
                "id": "CLOSE_HAB",
                "description": "HAB security configuration",
                "script_parameter": "close_HAB",
                "registers": [
                    {
                        "id": "fuse6",
                        "value_int": "0",
                        "mask_int": "0x0002"
                    }
                ]
            }
        ]
    },
    "image_start_addr_int": "0x60002000"
}